<TICKER>,<DTYYYYMMDD>,<FIRST>,<HIGH>,<LOW>,<CLOSE>,<VALUE>,<VOL>,<OPENINT>,<PER>,<OPEN>,<LAST>
S*Kerman.Khodro.E.,20180818,1150,1150,1150,1150,39758840750,34572905,790,D,1000,1150
S*Kerman.Khodro.E.,20180820,1170,1170,1152,1152,26507072358,22999787,550,D,1150,1152
S*Kerman.Khodro.E.,20180825,1160,1160,1154,1154,9901627720,8577362,255,D,1152,1154
S*Kerman.Khodro.E.,20180827,1190,1190,1155,1157,8756179250,7567640,215,D,1154,1155
S*Kerman.Khodro.E.,20180829,1154,1154,1150,1153,15307277172,13278520,425,D,1157,1150
S*Kerman.Khodro.E.,20180901,1150,1154,1150,1150,6190937880,5383026,269,D,1153,1154
S*Kerman.Khodro.E.,20180903,1154,1154,1150,1150,19042098558,16552877,463,D,1150,1150
S*Kerman.Khodro.E.,20180905,1154,1154,1150,1152,5645446676,4898884,191,D,1150,1150
S*Kerman.Khodro.E.,20180908,1180,1200,1180,1184,3681776780,3109808,167,D,1152,1200
S*Kerman.Khodro.E.,20180910,1301,1301,1301,1301,9815324246,7544446,339,D,1184,1301
S*Kerman.Khodro.E.,20180912,1370,1370,1370,1370,34121603600,24906280,1076,D,1301,1370
S*Kerman.Khodro.E.,20180915,1395,1500,1395,1403,2.58799E+11,184485173,8985,D,1370,1500
S*Kerman.Khodro.E.,20180917,1500,1500,1500,1500,3.18604E+11,212402485,7571,D,1403,1500
S*Kerman.Khodro.E.,20180922,1500,1500,1500,1500,2.05465E+11,136976341,4790,D,1500,1500
S*Kerman.Khodro.E.,20180924,1500,1500,1500,1500,1.75765E+11,117176587,4075,D,1500,1500
S*Kerman.Khodro.E.,20180926,1575,1575,1575,1575,2.6465E+11,168031850,4032,D,1500,1575
S*Kerman.Khodro.E.,20180929,1902,2310,1902,2009,1.20799E+11,60116936,2587,D,1575,2310
S*Kerman.Khodro.E.,20181001,2500,2550,2500,2507,4.34156E+11,173188420,7359,D,2009,2550
S*Kerman.Khodro.E.,20181003,2068,2533,2068,2301,91860761568,39918696,1495,D,2507,2533
S*Kerman.Khodro.E.,20181006,2888,2888,2305,2734,1.37776E+11,50399062,2840,D,2301,2305
S*Kerman.Khodro.E.,20181008,2300,2300,2297,2299,78879059743,34317572,1668,D,2734,2297
S*Kerman.Khodro.E.,20181010,2280,2280,1920,2060,83647391280,40602092,1333,D,2299,1920
S*Kerman.Khodro.E.,20181013,1920,1920,1570,1728,72665475540,42057057,1379,D,2060,1570
S*Kerman.Khodro.E.,20181015,1860,2000,1860,1924,1.33793E+11,69528130,2747,D,1728,2000
S*Kerman.Khodro.E.,20181017,1880,1899,1880,1886,1.44696E+11,76733276,3452,D,1924,1899
S*Kerman.Khodro.E.,20181020,2100,2100,2080,2094,1.09736E+11,52403529,2657,D,1886,2080
S*Kerman.Khodro.E.,20181022,1950,1950,1862,1907,63424910958,33250577,1519,D,2094,1862
S*Kerman.Khodro.E.,20181024,1709,1709,1660,1697,57863394273,34101808,1754,D,1907,1660
S*Kerman.Khodro.E.,20181027,1735,1735,1669,1723,48716880552,28267914,1537,D,1697,1669
S*Kerman.Khodro.E.,20181029,1910,1910,1910,1910,95550601630,50026493,2690,D,1723,1910
S*Kerman.Khodro.E.,20181031,1880,1880,1860,1877,52959871880,28221739,1613,D,1910,1860
S*Kerman.Khodro.E.,20181103,1830,1830,1704,1748,26191158390,14983329,661,D,1877,1704
S*Kerman.Khodro.E.,20181105,1731,1849,1731,1822,32156261111,17644793,686,D,1748,1849
S*Kerman.Khodro.E.,20181110,1865,1865,1790,1840,44336218885,24092984,1166,D,1822,1790
S*Kerman.Khodro.E.,20181112,1800,1811,1800,1803,81182850667,45032728,2309,D,1840,1811
S*Kerman.Khodro.E.,20181114,1740,1770,1740,1748,31256794500,17876940,1069,D,1803,1770
S*Kerman.Khodro.E.,20181117,1790,1790,1750,1780,44170646780,24820798,1424,D,1748,1750
S*Kerman.Khodro.E.,20181119,1735,1735,1720,1733,42747397990,24667261,1531,D,1780,1720
S*Kerman.Khodro.E.,20181121,1760,1799,1760,1772,30874269225,17421291,1121,D,1733,1799
S*Kerman.Khodro.E.,20181124,1850,1850,1810,1834,29685722020,16185290,778,D,1772,1810
S*Kerman.Khodro.E.,20181126,1780,1780,1738,1750,12885970106,7363679,309,D,1834,1738
S*Kerman.Khodro.E.,20181128,1699,1699,1670,1683,14995773477,8911400,537,D,1750,1670
S*Kerman.Khodro.E.,20181201,1650,1650,1620,1637,14360388390,8773903,474,D,1683,1620
S*Kerman.Khodro.E.,20181203,1680,1680,1630,1653,11213095190,6781858,430,D,1637,1630
S*Kerman.Khodro.E.,20181205,1650,1729,1650,1684,19235383079,11420128,616,D,1653,1729
S*Kerman.Khodro.E.,20181208,1779,1779,1779,1779,54096609423,30408437,1588,D,1684,1779
S*Kerman.Khodro.E.,20181210,1651,1651,1650,1651,36199909756,21928981,1304,D,1779,1650
S*Kerman.Khodro.E.,20181212,1671,1671,1620,1644,10410673773,6333421,412,D,1651,1620
S*Kerman.Khodro.E.,20181215,1601,1601,1580,1597,29880073642,18708827,1218,D,1644,1580
S*Kerman.Khodro.E.,20181217,1645,1645,1570,1608,14267685490,8874592,461,D,1597,1570
S*Kerman.Khodro.E.,20181219,1540,1560,1540,1544,25667824620,16624400,1160,D,1608,1560
S*Kerman.Khodro.E.,20181222,1560,1560,1520,1553,14228969000,9163013,620,D,1544,1520
S*Kerman.Khodro.E.,20181224,1550,1550,1480,1504,11990719530,7970454,510,D,1553,1480
S*Kerman.Khodro.E.,20181226,1450,1546,1450,1472,44833484374,30456463,1721,D,1504,1546
S*Kerman.Khodro.E.,20181229,1548,1548,1480,1520,14029671624,9230650,554,D,1472,1480
S*Kerman.Khodro.E.,20181231,1501,1501,1501,1501,15910879186,10600186,566,D,1520,1501
S*Kerman.Khodro.E.,20190102,1506,1506,1449,1499,41300548614,27554081,1788,D,1501,1449
S*Kerman.Khodro.E.,20190105,1459,1459,1458,1459,36329132948,24902643,1582,D,1499,1458
S*Kerman.Khodro.E.,20190107,1471,1479,1471,1473,21633603289,14689271,852,D,1459,1479
S*Kerman.Khodro.E.,20190109,1499,1499,1486,1495,15960560493,10672745,617,D,1473,1486
S*Kerman.Khodro.E.,20190112,1510,1510,1510,1510,26797512470,17746697,1200,D,1495,1510
S*Kerman.Khodro.E.,20190114,1483,1483,1430,1438,15196226011,10564358,545,D,1510,1430
S*Kerman.Khodro.E.,20190116,1420,1421,1420,1420,30987350867,21819742,1330,D,1438,1421
S*Kerman.Khodro.E.,20190119,1408,1440,1408,1419,30976785568,21825276,1174,D,1420,1440
S*Kerman.Khodro.E.,20190121,1400,1400,1370,1391,19559268580,14061557,658,D,1419,1370
S*Kerman.Khodro.E.,20190123,1440,1457,1440,1444,20068447636,13899840,831,D,1391,1457
S*Kerman.Khodro.E.,20190126,1465,1465,1400,1421,5502457040,3871874,256,D,1444,1400
S*Kerman.Khodro.E.,20190128,1362,1364,1362,1363,19762184126,14502112,804,D,1421,1364
S*Kerman.Khodro.E.,20190130,1385,1385,1385,1385,41239009330,29775458,1598,D,1363,1385
S*Kerman.Khodro.E.,20190202,1399,1399,1341,1367,8943809863,6542063,349,D,1385,1341
S*Kerman.Khodro.E.,20190204,1340,1340,1320,1335,20366823800,15259493,818,D,1367,1320
S*Kerman.Khodro.E.,20190206,1335,1335,1335,1335,18440350995,13812997,672,D,1335,1335
S*Kerman.Khodro.E.,20190213,1287,1295,1287,1289,21799794330,16913094,923,D,1335,1295
S*Kerman.Khodro.E.,20190216,1326,1326,1326,1326,38985657048,29400948,1455,D,1289,1326
S*Kerman.Khodro.E.,20190218,1330,1330,1330,1330,16738858640,12585608,751,D,1326,1330
S*Kerman.Khodro.E.,20190220,1260,1270,1260,1266,8312563370,6567320,322,D,1330,1270
S*Kerman.Khodro.E.,20190223,1291,1305,1291,1292,25114444579,19441541,1057,D,1266,1305
S*Kerman.Khodro.E.,20190225,1295,1295,1247,1266,6151821072,4858704,288,D,1292,1247
S*Kerman.Khodro.E.,20190227,1240,1260,1240,1244,17487616440,14062621,732,D,1266,1260
S*Kerman.Khodro.E.,20190302,1251,1251,1220,1244,7969035338,6403828,485,D,1244,1220
S*Kerman.Khodro.E.,20190304,1219,1219,1219,1219,26614518425,21833075,1247,D,1244,1219
S*Kerman.Khodro.E.,20190306,1179,1200,1179,1185,20877808287,17615269,861,D,1219,1200
S*Kerman.Khodro.E.,20190309,1230,1230,1210,1223,11754268240,9612886,440,D,1185,1210
S*Kerman.Khodro.E.,20190311,1220,1220,1200,1207,33700340560,27912050,1013,D,1223,1200
S*Kerman.Khodro.E.,20190313,1243,1280,1243,1263,17929607551,14193891,544,D,1207,1280
S*Kerman.Khodro.E.,20190316,1208,1300,1208,1224,68898471188,56281107,1327,D,1263,1300
S*Kerman.Khodro.E.,20190318,1300,1300,1257,1289,24489706447,19000358,846,D,1224,1257
S*Kerman.Khodro.E.,20190325,1288,1320,1288,1306,20593335928,15764671,641,D,1289,1320
S*Kerman.Khodro.E.,20190327,1343,1343,1283,1324,30807259558,23262806,1074,D,1306,1283
S*Kerman.Khodro.E.,20190330,1293,1318,1293,1305,18189940936,13935902,727,D,1324,1318
S*Kerman.Khodro.E.,20190406,1299,1300,1299,1299,21286991045,16383213,836,D,1305,1300
S*Kerman.Khodro.E.,20190408,1289,1289,1281,1288,41444937511,32171743,1949,D,1299,1281
S*Kerman.Khodro.E.,20190410,1290,1325,1290,1312,22061112270,16809706,732,D,1288,1325
S*Kerman.Khodro.E.,20190413,1330,1330,1330,1330,30926849100,23253270,1302,D,1312,1330
S*Kerman.Khodro.E.,20190415,1361,1371,1361,1369,87911355976,64203466,1765,D,1330,1371
S*Kerman.Khodro.E.,20190417,1613,1850,1613,1786,1.10131E+11,61670433,2169,D,1369,1850
S*Kerman.Khodro.E.,20190420,1831,1831,1831,1831,53685216622,29320162,1124,D,1786,1831
S*Kerman.Khodro.E.,20190422,1836,1836,1650,1775,44803195626,25235776,1321,D,1831,1650
S*Kerman.Khodro.E.,20190424,1670,1700,1670,1679,51058381630,30404714,1503,D,1775,1700
S*Kerman.Khodro.E.,20190427,1690,1690,1604,1677,54482607946,32482283,1639,D,1679,1604
S*Kerman.Khodro.E.,20190429,1614,1614,1614,1614,33326430444,20648346,902,D,1677,1614
S*Kerman.Khodro.E.,20190501,1675,1680,1675,1676,60697211210,36216247,1701,D,1614,1680
S*Kerman.Khodro.E.,20190504,1750,1820,1750,1791,38323697160,21395218,933,D,1676,1820
S*Kerman.Khodro.E.,20190506,1800,1800,1650,1761,64938874500,36881599,1569,D,1791,1650
S*Kerman.Khodro.E.,20190508,1610,1636,1610,1612,54727463620,33946693,1817,D,1761,1636
S*Kerman.Khodro.E.,20190511,1680,1680,1600,1655,26874638640,16233969,773,D,1612,1600
S*Kerman.Khodro.E.,20190513,1578,1578,1578,1578,43266861666,27418797,1222,D,1655,1578
S*Kerman.Khodro.E.,20190515,1635,1635,1590,1628,29888611335,18357732,888,D,1578,1590
S*Kerman.Khodro.E.,20190518,1592,1592,1592,1592,44080962824,27689047,1387,D,1628,1592
S*Kerman.Khodro.E.,20190520,1559,1559,1515,1529,17731692190,11597794,400,D,1592,1515
S*Kerman.Khodro.E.,20190525,1555,1555,1517,1542,23299951320,15110134,649,D,1529,1517
S*Kerman.Khodro.E.,20190529,1581,1581,1581,1581,28145682936,17802456,888,D,1542,1581
S*Kerman.Khodro.E.,20190601,1580,1580,1550,1569,19855616680,12655208,577,D,1581,1550
S*Kerman.Khodro.E.,20190603,1530,1548,1530,1532,55670394906,36335410,1919,D,1569,1548
S*Kerman.Khodro.E.,20190608,1535,1610,1535,1562,29362771745,18793222,864,D,1532,1610
S*Kerman.Khodro.E.,20190610,1880,1880,1790,1841,56170729420,30518615,996,D,1562,1790
S*Kerman.Khodro.E.,20190612,1830,1830,1829,1830,1.00041E+11,54672525,2714,D,1841,1829
S*Kerman.Khodro.E.,20190615,1730,1730,1692,1726,66043891486,38259497,2040,D,1830,1692
S*Kerman.Khodro.E.,20190617,1723,1723,1650,1674,11324874458,6765913,323,D,1726,1650
S*Kerman.Khodro.E.,20190619,1700,1700,1655,1680,22722075925,13523600,600,D,1674,1655
S*Kerman.Khodro.E.,20190622,1610,1651,1610,1622,18405659337,11345365,547,D,1680,1651
S*Kerman.Khodro.E.,20190624,1710,1720,1710,1712,41412055760,24190923,1150,D,1622,1720
S*Kerman.Khodro.E.,20190626,1774,1774,1700,1764,58753770294,33298156,1852,D,1712,1700
S*Kerman.Khodro.E.,20190701,1700,1700,1700,1700,31811042600,18712378,968,D,1764,1700
S*Kerman.Khodro.E.,20190703,1830,1899,1830,1844,69954851295,37930706,1719,D,1700,1899
S*Kerman.Khodro.E.,20190706,1955,1955,1880,1946,42158348450,21666790,1148,D,1844,1880
S*Kerman.Khodro.E.,20190708,1955,1955,1895,1914,30669324360,16022088,650,D,1946,1895
S*Kerman.Khodro.E.,20190710,1861,1901,1861,1868,1.57741E+11,84445246,3475,D,1914,1901
S*Kerman.Khodro.E.,20190713,1940,1940,1940,1940,1.67825E+11,86507883,4216,D,1868,1940
S*Kerman.Khodro.E.,20190722,1910,1910,1900,1909,1.04184E+11,54586693,2850,D,1840,1900
S*Kerman.Khodro.E.,20190724,1886,1886,1804,1835,14136774580,7705832,402,D,1909,1804
S*Kerman.Khodro.E.,20190727,1870,1870,1791,1819,13208949546,7262467,329,D,1835,1791
S*Kerman.Khodro.E.,20190729,1798,1798,1788,1793,23543009314,13131513,508,D,1819,1788
S*Kerman.Khodro.E.,20190731,1760,1760,1750,1758,33051061410,18804447,1140,D,1793,1750
S*Kerman.Khodro.E.,20190803,1760,1785,1760,1761,57456561995,32618257,1612,D,1758,1785
S*Kerman.Khodro.E.,20190805,1805,1870,1805,1814,1.46167E+11,80566081,3459,D,1761,1870
S*Kerman.Khodro.E.,20190807,1889,1950,1889,1900,1.56153E+11,82179907,3492,D,1814,1950
S*Kerman.Khodro.E.,20190810,2000,2012,2000,2001,1.18982E+11,59459679,2750,D,1900,2012
S*Kerman.Khodro.E.,20190814,2061,2061,2059,2061,1.88734E+11,91580793,4292,D,2001,2059
S*Kerman.Khodro.E.,20190817,2061,2061,2000,2027,29538786220,14571722,655,D,2061,2000
S*Kerman.Khodro.E.,20190819,1960,2001,1960,1965,63012120930,32074196,1759,D,2027,2001
S*Kerman.Khodro.E.,20190821,2030,2030,1999,2015,29498137389,14640494,703,D,1965,1999
S*Kerman.Khodro.E.,20190925,1990,2049,1990,2015,83945856371,41670496,1759,D,2015,2049
S*Kerman.Khodro.E.,20190928,2075,2075,2075,2075,1.3525E+11,65180808,2771,D,2015,2075
S*Kerman.Khodro.E.,20190929,2137,2137,2137,2137,1.27788E+11,59797726,2489,D,2075,2137
S*Kerman.Khodro.E.,20190930,2201,2201,2189,2201,2.10729E+11,95746425,4393,D,2137,2201
S*Kerman.Khodro.E.,20191001,2267,2267,2135,2244,2.52482E+11,112505462,5838,D,2201,2219
S*Kerman.Khodro.E.,20191002,2191,2268,2177,2191,1.15984E+11,52929265,2883,D,2244,2190
S*Kerman.Khodro.E.,20191005,2196,2256,2169,2237,95742403792,42791631,3091,D,2191,2189
S*Kerman.Khodro.E.,20191006,2220,2236,2170,2170,46195315287,21283271,1236,D,2237,2170
S*Kerman.Khodro.E.,20191007,2134,2235,2134,2209,74532742418,33735269,2107,D,2170,2178
S*Kerman.Khodro.E.,20191008,2200,2228,2143,2153,15856548917,7363457,602,D,2209,2143
S*Kerman.Khodro.E.,20191009,2089,2111,2089,2090,97534184114,46671272,2295,D,2153,2099
S*Kerman.Khodro.E.,20191012,2152,2152,2152,2152,1.22355E+11,56856432,2332,D,2090,2152
S*Kerman.Khodro.E.,20191013,2216,2216,2160,2216,1.47421E+11,66527317,3015,D,2152,2216
S*Kerman.Khodro.E.,20191014,2216,2282,2150,2249,1.74229E+11,77456975,5233,D,2216,2260
S*Kerman.Khodro.E.,20191015,2295,2316,2182,2251,1.98742E+11,88301246,4942,D,2249,2220
S*Kerman.Khodro.E.,20191016,2255,2299,2184,2232,93496975276,41888535,2918,D,2251,2184
S*Kerman.Khodro.E.,20191020,2166,2184,2166,2166,9836882177,4541025,242,D,2232,2166
S*Kerman.Khodro.E.,20191021,2102,2150,2102,2104,98359852848,46744207,2476,D,2166,2120
S*Kerman.Khodro.E.,20191022,2145,2163,2041,2077,39275076343,18910110,1255,D,2104,2041
S*Kerman.Khodro.E.,20191023,2022,2050,2015,2016,8312744319,4124344,346,D,2077,2015
S*Kerman.Khodro.E.,20191026,2016,2054,1956,1998,6264512742,3135520,206,D,2016,2025
S*Kerman.Khodro.E.,20191130,2530,2530,2455,2489,78755695752,31644461,1333,D,1998,2455
S*Kerman.Khodro.E.,20191201,2415,2415,2415,2415,1693774740,701356,125,D,2489,2415
S*Kerman.Khodro.E.,20191202,2343,2487,2343,2420,4.44225E+11,183528500,11520,D,2415,2487
S*Kerman.Khodro.E.,20191203,2492,2492,2477,2492,4.05535E+11,162754630,9242,D,2420,2492
S*Kerman.Khodro.E.,20191204,2499,2499,2418,2433,2.2052E+11,90645187,6846,D,2492,2440
S*Kerman.Khodro.E.,20191207,2450,2450,2361,2379,1.38635E+11,58268119,4895,D,2433,2375
S*Kerman.Khodro.E.,20191208,2437,2450,2385,2435,1.02254E+11,41996009,3728,D,2379,2429
S*Kerman.Khodro.E.,20191209,2467,2479,2396,2432,86789409569,35692630,3009,D,2435,2430
S*Kerman.Khodro.E.,20191210,2450,2469,2360,2401,97302489137,40518870,3550,D,2432,2360
S*Kerman.Khodro.E.,20191211,2360,2390,2333,2355,60464845232,25670116,2486,D,2401,2340
S*Kerman.Khodro.E.,20191214,2414,2414,2310,2332,61888326561,26538861,3041,D,2355,2330
S*Kerman.Khodro.E.,20191215,2370,2401,2330,2357,80008232422,33950530,2920,D,2332,2368
S*Kerman.Khodro.E.,20191216,2388,2427,2358,2417,48319257750,19993558,1231,D,2357,2427
S*Kerman.Khodro.E.,20191217,2489,2489,2450,2487,1.54178E+11,61982274,3941,D,2417,2489
S*Kerman.Khodro.E.,20191218,2510,2561,2490,2538,1.13946E+11,44902983,3539,D,2487,2510
S*Kerman.Khodro.E.,20191221,2550,2551,2462,2500,1.00698E+11,40281775,3196,D,2538,2462
S*Kerman.Khodro.E.,20191222,2495,2513,2455,2488,75608013880,30393109,2419,D,2500,2486
S*Kerman.Khodro.E.,20191223,2486,2517,2414,2441,1.25983E+11,51606792,3702,D,2488,2414
S*Kerman.Khodro.E.,20191224,2450,2472,2389,2418,88102016967,36437119,3214,D,2441,2396
S*Kerman.Khodro.E.,20191225,2410,2489,2390,2457,74473560454,30311815,2733,D,2418,2462
S*Kerman.Khodro.E.,20191228,2505,2522,2457,2498,84121124960,33677274,3224,D,2457,2460
S*Kerman.Khodro.E.,20191229,2498,2509,2424,2448,57747237426,23593089,2478,D,2498,2445
S*Kerman.Khodro.E.,20191230,2486,2521,2480,2510,73622954087,29328842,2185,D,2448,2521
S*Kerman.Khodro.E.,20191231,2585,2585,2529,2584,2.80009E+11,108353258,5982,D,2510,2585
S*Kerman.Khodro.E.,20200101,2661,2661,2658,2661,1.43827E+11,54050141,2690,D,2584,2661
S*Kerman.Khodro.E.,20200104,2528,2528,2528,2528,6518063744,2578348,327,D,2661,2528
S*Kerman.Khodro.E.,20200105,2453,2570,2453,2488,2.70151E+11,108564477,7235,D,2528,2479
S*Kerman.Khodro.E.,20200107,2559,2559,2414,2468,54701305442,22168644,1610,D,2488,2414
S*Kerman.Khodro.E.,20200108,2419,2419,2419,2419,51563919247,21316213,1178,D,2468,2419
S*Kerman.Khodro.E.,20200111,2467,2467,2467,2467,3409542020,1382060,88,D,2419,2467
S*Kerman.Khodro.E.,20200112,2541,2541,2510,2541,1.59825E+11,62901729,3662,D,2467,2541
S*Kerman.Khodro.E.,20200113,2587,2617,2553,2602,53726163188,20650606,1701,D,2541,2617
S*Kerman.Khodro.E.,20200114,2698,2698,2551,2624,1.10284E+11,42025324,3730,D,2602,2610
S*Kerman.Khodro.E.,20200115,2630,2702,2546,2641,1.52863E+11,57884146,4853,D,2624,2699
S*Kerman.Khodro.E.,20200118,2720,2720,2700,2720,83573537026,30729626,1787,D,2641,2720
S*Kerman.Khodro.E.,20200119,2750,2801,2730,2780,91374823369,32874054,2125,D,2720,2801
S*Kerman.Khodro.E.,20200120,2863,2863,2863,2863,35817286652,12510404,606,D,2780,2863
S*Kerman.Khodro.E.,20200121,3006,3006,3006,3006,9514401822,3165137,251,D,2863,3006
S*Kerman.Khodro.E.,20200122,3096,3096,3096,3096,97591728096,31521876,1513,D,3006,3096
S*Kerman.Khodro.E.,20200125,3188,3188,3188,3188,1.01465E+11,31827247,1588,D,3096,3188
S*Kerman.Khodro.E.,20200126,3283,3283,3283,3283,7091243887,2159989,219,D,3188,3283
S*Kerman.Khodro.E.,20200127,3447,3447,3447,3447,41969410398,12175634,636,D,3283,3447
S*Kerman.Khodro.E.,20200128,3550,3550,3550,3550,30763408950,8665749,462,D,3447,3550
S*Kerman.Khodro.E.,20200201,3656,3656,3543,3640,5.16185E+11,141791994,10997,D,3550,3656
S*Kerman.Khodro.E.,20200202,3651,3749,3531,3647,2.23361E+11,61249414,5524,D,3640,3749
S*Kerman.Khodro.E.,20200203,3829,3829,3750,3819,1.61914E+11,42401784,3775,D,3647,3829
S*Kerman.Khodro.E.,20200204,3838,3879,3705,3727,2.4857E+11,66693202,6382,D,3819,3705
S*Kerman.Khodro.E.,20200205,3630,3775,3616,3648,2.54725E+11,69818549,6055,D,3727,3689
S*Kerman.Khodro.E.,20200208,3620,3730,3539,3600,1.66058E+11,46131853,4669,D,3648,3539
S*Kerman.Khodro.E.,20200209,3540,3652,3492,3538,1.27772E+11,36119204,3797,D,3600,3492
S*Kerman.Khodro.E.,20200210,3550,3550,3432,3439,87426578181,25424976,2109,D,3538,3432
S*Kerman.Khodro.E.,20200212,3460,3529,3340,3408,83542610628,24515776,3117,D,3439,3370
S*Kerman.Khodro.E.,20200215,3400,3488,3306,3331,1.06738E+11,32047207,3507,D,3408,3318
S*Kerman.Khodro.E.,20200216,3301,3430,3301,3405,1.07983E+11,31711200,3755,D,3331,3353
S*Kerman.Khodro.E.,20200217,3428,3428,3303,3323,55364763676,16659198,1958,D,3405,3303
S*Kerman.Khodro.E.,20200218,3224,3331,3224,3249,1.4429E+11,44410887,3852,D,3323,3304
S*Kerman.Khodro.E.,20200219,3346,3346,3305,3346,30518991594,9121444,717,D,3249,3346
S*Kerman.Khodro.E.,20200222,3252,3446,3246,3406,1.14439E+11,33600417,3398,D,3346,3420
S*Kerman.Khodro.E.,20200223,3508,3508,3402,3490,1.10343E+11,31617695,3715,D,3406,3450
S*Kerman.Khodro.E.,20200224,3500,3550,3386,3401,1.56335E+11,45973726,4600,D,3490,3400
S*Kerman.Khodro.E.,20200225,3371,3499,3310,3395,1.36204E+11,40121491,4802,D,3401,3409
S*Kerman.Khodro.E.,20200226,3450,3469,3294,3332,1.63765E+11,49143728,5665,D,3395,3294
S*Kerman.Khodro.E.,20200229,3233,3290,3233,3236,1.03382E+11,31949532,2903,D,3332,3233
S*Kerman.Khodro.E.,20200301,3200,3333,3200,3324,98429994923,29608707,2387,D,3236,3333
S*Kerman.Khodro.E.,20200302,3423,3423,3399,3422,34337074025,10032898,887,D,3324,3423
S*Kerman.Khodro.E.,20200303,3524,3524,3444,3523,1.1686E+11,33172961,2632,D,3422,3524
S*Kerman.Khodro.E.,20200304,3640,3640,3460,3564,1.74979E+11,49090177,4673,D,3523,3600
S*Kerman.Khodro.E.,20200307,3461,3555,3458,3469,82275553886,23716758,2634,D,3564,3458
S*Kerman.Khodro.E.,20200309,3365,3365,3365,3392,13993601510,4158574,484,D,3469,3365
S*Kerman.Khodro.E.,20200310,3291,3360,3291,3296,71309003098,21637199,2058,D,3392,3291
S*Kerman.Khodro.E.,20200311,3235,3359,3133,3224,90029960354,27921909,3398,D,3296,3199
S*Kerman.Khodro.E.,20200314,3128,3199,3128,3154,14447022977,4615305,729,D,3224,3128
S*Kerman.Khodro.E.,20200315,3060,3060,3060,3060,31590271080,10323618,714,D,3154,3060
S*Kerman.Khodro.E.,20200316,3151,3151,3110,3150,61997838488,19682516,1604,D,3060,3151
S*Kerman.Khodro.E.,20200317,3215,3215,3056,3084,57606017078,18681770,2457,D,3150,3100
S*Kerman.Khodro.E.,20200318,3099,3135,3020,3084,61364574153,19898922,2645,D,3084,3130
S*Kerman.Khodro.E.,20200324,3168,3176,3100,3172,42146700894,13286131,1327,D,3084,3176
S*Kerman.Khodro.E.,20200325,3260,3267,3220,3262,22933150570,7030233,719,D,3172,3267
S*Kerman.Khodro.E.,20200328,3359,3359,3359,3359,37102580198,11045722,832,D,3262,3359
S*Kerman.Khodro.E.,20200329,3526,3526,3370,3485,1.28768E+11,36944234,4025,D,3359,3490
S*Kerman.Khodro.E.,20200330,3459,3505,3381,3413,92475401907,27097659,3345,D,3485,3400
S*Kerman.Khodro.E.,20200404,3479,3515,3401,3502,1.37306E+11,39209188,3943,D,3413,3515
S*Kerman.Khodro.E.,20200405,3580,3607,3580,3607,2.41841E+11,67053069,3351,D,3502,3607
S*Kerman.Khodro.E.,20200406,3715,3715,3715,3715,21829707785,5876099,336,D,3607,3715
S*Kerman.Khodro.E.,20200407,3900,3900,3900,3900,1.95053E+11,50013567,811,D,3715,3900
S*Kerman.Khodro.E.,20200408,4017,4017,4017,3942,8404961916,2092348,290,D,3900,4017
S*Kerman.Khodro.E.,20200411,4060,4060,4060,4000,10194083480,2510858,218,D,3942,4060
S*Kerman.Khodro.E.,20200412,4120,4120,4120,4120,25625205200,6219710,218,D,4000,4120
S*Kerman.Khodro.E.,20200413,4326,4326,4326,4326,29669836392,6858492,377,D,4120,4326
S*Kerman.Khodro.E.,20200414,4455,4455,4350,4454,4.50925E+11,101247310,3382,D,4326,4455
S*Kerman.Khodro.E.,20200415,4587,4587,4587,4587,40382548965,8803695,595,D,4454,4587
S*Kerman.Khodro.E.,20200418,4724,4724,4724,4724,22060952452,4669973,221,D,4587,4724
S*Kerman.Khodro.E.,20200419,4960,4960,4730,4947,6.80254E+11,137519889,4803,D,4724,4950
S*Kerman.Khodro.E.,20200420,4999,5095,4872,5031,2.32199E+11,46151735,2049,D,4947,5095
S*Kerman.Khodro.E.,20200421,5181,5181,5095,5180,3.16227E+11,61045088,2092,D,5031,5181
S*Kerman.Khodro.E.,20200422,5335,5335,5335,5335,53739102890,10072934,336,D,5180,5335
S*Kerman.Khodro.E.,20200425,5601,5601,5601,5601,64777911819,11565419,402,D,5335,5601
S*Kerman.Khodro.E.,20200426,5769,5769,5450,5727,5.67803E+11,99152267,4281,D,5601,5769
S*Kerman.Khodro.E.,20200427,5898,5898,5700,5872,4.47394E+11,76196040,4454,D,5727,5898
S*Kerman.Khodro.E.,20200428,6048,6048,6048,6048,65056684896,10756727,487,D,5872,6048
S*Kerman.Khodro.E.,20200429,6350,6350,6350,6350,58648403150,9235969,765,D,6048,6350
S*Kerman.Khodro.E.,20200502,6540,6540,6540,6540,74512260480,11393312,866,D,6350,6540
S*Kerman.Khodro.E.,20200503,6736,6736,6540,6719,2.47734E+11,36872745,2824,D,6540,6571
S*Kerman.Khodro.E.,20200504,6518,6899,6518,6648,9.29606E+11,139840022,10693,D,6719,6530
S*Kerman.Khodro.E.,20200505,6748,6749,6449,6525,2.09592E+11,32119542,3114,D,6648,6449
S*Kerman.Khodro.E.,20200506,6330,6689,6330,6375,7.3309E+11,114996214,7060,D,6525,6418
S*Kerman.Khodro.E.,20200509,6566,6566,6500,6565,2.50172E+11,38106545,1912,D,6375,6566
S*Kerman.Khodro.E.,20200510,6761,6761,6761,6761,2.64396E+11,39106022,2120,D,6565,6761
S*Kerman.Khodro.E.,20200511,6963,6963,6692,6945,4.62536E+11,66602792,4802,D,6761,6963
S*Kerman.Khodro.E.,20200512,7292,7292,6598,6735,5.92967E+11,88039005,6609,D,6945,6598
S*Kerman.Khodro.E.,20200513,6533,6867,6533,6667,2.95503E+11,44324310,5100,D,6735,6533
S*Kerman.Khodro.E.,20200516,6467,6467,6467,6467,43145146662,6671586,578,D,6667,6467
S*Kerman.Khodro.E.,20200517,6273,6442,6273,6280,2.82537E+11,44990994,2510,D,6467,6273
S*Kerman.Khodro.E.,20200518,6273,6555,5966,6130,3.8798E+11,63292231,6941,D,6280,6182
S*Kerman.Khodro.E.,20200519,6313,6313,6202,6311,1.83354E+11,29054424,2184,D,6130,6313
S*Kerman.Khodro.E.,20200520,6500,6500,6500,6500,1.06344E+11,16360575,1655,D,6311,6500
S*Kerman.Khodro.E.,20200523,6695,6695,6305,6380,4.39535E+11,68892147,5041,D,6500,6305
S*Kerman.Khodro.E.,20200526,6200,6375,6189,6209,1.76356E+11,28405083,2964,D,6380,6189
S*Kerman.Khodro.E.,20200527,6023,6370,6023,6203,1.84649E+11,29767777,3498,D,6209,6290
S*Kerman.Khodro.E.,20200530,6387,6389,6360,6388,84867788797,13286114,974,D,6203,6389
S*Kerman.Khodro.E.,20200531,6579,6579,6200,6430,2.0447E+11,31797106,3153,D,6388,6399
S*Kerman.Khodro.E.,20200601,6280,6622,6280,6590,2.25615E+11,34236617,2920,D,6430,6622
S*Kerman.Khodro.E.,20200602,6757,6787,6410,6763,1.65143E+11,24419875,2743,D,6590,6785
S*Kerman.Khodro.E.,20200606,6930,6965,6702,6914,1.73115E+11,25036739,2995,D,6763,6965
S*Kerman.Khodro.E.,20200607,7121,7121,6981,7120,1.77632E+11,24948236,1953,D,6914,6981
S*Kerman.Khodro.E.,20200608,6907,7333,6907,7073,2.43157E+11,34377146,3484,D,7120,6907
S*Kerman.Khodro.E.,20200609,6922,7284,6861,7004,1.96927E+11,28115490,2913,D,7073,6940
S*Kerman.Khodro.E.,20200610,7000,7214,6999,7165,2.03308E+11,28376500,3208,D,7004,7214
S*Kerman.Khodro.E.,20200613,7379,7379,7376,7379,4.50577E+11,61062134,2229,D,7165,7379
S*Kerman.Khodro.E.,20200614,7600,7600,7380,7585,8.09013E+11,106659219,5296,D,7379,7600
S*Kerman.Khodro.E.,20200615,7964,7964,7964,7964,4.51444E+11,56685588,1114,D,7585,7964
S*Kerman.Khodro.E.,20200616,8202,8202,8202,8202,5.05695E+11,61655135,1543,D,7964,8202
S*Kerman.Khodro.E.,20200620,8448,8448,8448,8448,3.0381E+11,35962372,1083,D,8202,8448
S*Kerman.Khodro.E.,20200621,8701,8701,8500,8698,5.5374E+11,63660042,4428,D,8448,8701
S*Kerman.Khodro.E.,20200622,9000,9050,8400,8766,5.04598E+11,57563001,7655,D,8698,8520
S*Kerman.Khodro.E.,20200623,8700,8900,8504,8670,6.2354E+11,71922090,9430,D,8766,8504
S*Kerman.Khodro.E.,20200624,8410,8670,8410,8437,5.17526E+11,61337022,5712,D,8670,8530
S*Kerman.Khodro.E.,20200627,8589,8670,8437,8553,2.42474E+11,28350975,4340,D,8437,8453
S*Kerman.Khodro.E.,20200628,8690,8690,8297,8340,3.76153E+11,45104044,5424,D,8553,8297
S*Kerman.Khodro.E.,20200629,8100,8300,8090,8113,3.25489E+11,40120669,4520,D,8340,8150
S*Kerman.Khodro.E.,20200630,8350,8356,8210,8354,4.18081E+11,50046389,4196,D,8113,8356
S*Kerman.Khodro.E.,20200701,8580,8580,8140,8287,4.24893E+11,51270726,7621,D,8354,8190
S*Kerman.Khodro.E.,20200704,8370,8370,8039,8108,4.99137E+11,61557341,9695,D,8287,8080
S*Kerman.Khodro.E.,20200705,8000,8351,7980,8281,7.75031E+11,93587939,8174,D,8108,8351
S*Kerman.Khodro.E.,20200706,8529,8529,8460,8529,3.37525E+11,39574784,4207,D,8281,8529
S*Kerman.Khodro.E.,20200707,8784,8784,8773,8784,7.7669E+11,88421433,7728,D,8529,8784
S*Kerman.Khodro.E.,20200708,9223,9223,8820,9205,9.16019E+11,99508273,7022,D,8784,9223
S*Kerman.Khodro.E.,20200711,9481,9481,9223,9477,8.56972E+11,90424903,7973,D,9205,9481
S*Kerman.Khodro.E.,20200712,9761,9761,9477,9754,9.49442E+11,97337325,10569,D,9477,9761
S*Kerman.Khodro.E.,20200713,10046,10046,10000,10046,8.49032E+11,84515065,8341,D,9754,10046
S*Kerman.Khodro.E.,20200714,10548,10548,10548,10548,7.82365E+11,74171862,6851,D,10046,10548
S*Kerman.Khodro.E.,20200715,10864,10864,10863,10864,7.6887E+11,70772238,8004,D,10548,10864
S*Kerman.Khodro.E.,20200718,10539,10539,10539,10539,4.2258E+11,40096766,8971,D,10864,10539
S*Kerman.Khodro.E.,20200719,10223,10855,10223,10718,1.47914E+12,138011817,15239,D,10539,10855
S*Kerman.Khodro.E.,20200725,12000,12000,11640,11768,3.39306E+11,28832240,3904,D,10683,11760
S*Kerman.Khodro.E.,20200726,12121,12121,11500,11978,1.38454E+12,115590087,25415,D,11768,11710
S*Kerman.Khodro.E.,20200727,11729,11918,11619,11655,8.16859E+11,70087410,13436,D,11978,11619
S*Kerman.Khodro.E.,20200728,11400,11950,11306,11477,5.22104E+11,45492108,10463,D,11655,11306
S*Kerman.Khodro.E.,20200729,11133,11133,11133,11133,97584084900,8765300,2252,D,11477,11133
S*Kerman.Khodro.E.,20200801,10650,11600,10600,11168,8.56681E+11,76709136,15448,D,11133,11230
S*Kerman.Khodro.E.,20200802,11503,11503,11170,11480,1.02237E+12,89056441,9008,D,11168,11503
S*Kerman.Khodro.E.,20200803,11824,11690,11136,11368,4.06534E+11,35761334,5792,D,11480,11136
S*Kerman.Khodro.E.,20200804,11027,11027,11027,11027,1.77382E+11,16086163,2881,D,11368,11027
S*Kerman.Khodro.E.,20200805,10697,11357,10697,11064,1.32874E+12,120100340,13336,D,11027,11357
S*Kerman.Khodro.E.,20200809,11395,11395,11395,11395,6.52643E+11,57274463,3243,D,11064,11395
S*Kerman.Khodro.E.,20200810,11736,11736,11150,11693,1.8721E+12,160105962,13858,D,11395,11600
S*Kerman.Khodro.E.,20200811,11560,12043,11343,11706,7.45669E+11,63698240,7673,D,11693,12043
S*Kerman.Khodro.E.,20200812,12057,12057,11706,12049,1.27173E+12,105547074,7122,D,11706,12057
S*Kerman.Khodro.E.,20200815,12400,12400,11688,11778,9.0026E+11,76434240,7234,D,12049,11750
S*Kerman.Khodro.E.,20200816,11600,12129,11425,11580,3.40999E+11,29447241,3867,D,11778,11425
S*Kerman.Khodro.E.,20200817,11620,11620,11233,11265,4.15981E+11,36927191,4408,D,11580,11233
S*Kerman.Khodro.E.,20200818,11602,11602,10928,11346,6.14057E+11,54121218,7613,D,11265,10928
S*Kerman.Khodro.E.,20200819,11006,11006,11006,11006,40790107020,3706170,546,D,11346,11006
S*Kerman.Khodro.E.,20200822,10700,11200,10676,10758,1.12646E+11,10471301,1422,D,11006,10676
S*Kerman.Khodro.E.,20200823,10436,10436,10436,10436,26275927776,2517816,272,D,10758,10436
S*Kerman.Khodro.E.,20200824,9915,9915,9915,9915,27788988630,2802722,354,D,10436,9915
S*Kerman.Khodro.E.,20200825,9618,10000,9618,9715,6.86661E+11,70683187,8843,D,9915,9618
S*Kerman.Khodro.E.,20200826,9900,10006,9720,9994,3.18918E+11,31909812,2708,D,9715,10006
S*Kerman.Khodro.E.,20200831,10200,10200,9695,9836,1.36308E+11,13858346,1840,D,9994,9695
S*Kerman.Khodro.E.,20200901,9541,9541,9541,9541,31985114826,3352386,234,D,9836,9541
S*Kerman.Khodro.E.,20200902,9255,9255,9255,9255,27226340490,2941798,177,D,9541,9255
S*Kerman.Khodro.E.,20200905,8793,8793,8793,8793,47752030791,5430687,412,D,9255,8793
S*Kerman.Khodro.E.,20200906,8700,8793,8530,8573,3.9265E+11,45798610,3543,D,8793,8530
S*Kerman.Khodro.E.,20200907,8316,8316,8316,8316,18219449556,2190891,109,D,8573,8316
S*Kerman.Khodro.E.,20200908,8067,8067,8067,8238,5441699721,674563,71,D,8316,8067
S*Kerman.Khodro.E.,20200909,7827,7827,7827,8009,9430533144,1204872,363,D,8238,7827
S*Kerman.Khodro.E.,20200912,7769,7840,7769,7772,1.58064E+11,20337515,1381,D,8009,7769
S*Kerman.Khodro.E.,20200913,7539,7539,7539,7707,5260638810,697790,143,D,7772,7539
S*Kerman.Khodro.E.,20200914,7476,7476,7476,7626,6528342240,873240,218,D,7707,7476
S*Kerman.Khodro.E.,20200915,7245,7690,7245,7355,8.79908E+11,119641010,11520,D,7626,7355
S*Kerman.Khodro.E.,20200916,7450,7499,7135,7227,1.04036E+12,143959906,8127,D,7355,7390
S*Kerman.Khodro.E.,20200919,7299,7443,7011,7280,5.58113E+11,76665819,5162,D,7227,7443
S*Kerman.Khodro.E.,20200920,7498,7498,7062,7275,3.21199E+11,44152877,6689,D,7280,7399
S*Kerman.Khodro.E.,20200921,7090,7380,7057,7076,1.04201E+11,14726758,2009,D,7275,7057
S*Kerman.Khodro.E.,20200922,7000,7200,6864,6887,2.02134E+11,29349030,2475,D,7076,6900
S*Kerman.Khodro.E.,20200923,7070,7074,6681,6793,2.21529E+11,32613279,3541,D,6887,6681
S*Kerman.Khodro.E.,20200926,6600,6850,6590,6649,80351106780,12085516,1350,D,6793,6590
S*Kerman.Khodro.E.,20200927,6450,6450,6450,6517,12565870650,1948197,138,D,6649,6450
S*Kerman.Khodro.E.,20200928,6192,6192,6192,6437,4492778976,725578,123,D,6517,6192
S*Kerman.Khodro.E.,20200929,6244,6244,6244,6244,45630721164,7307931,233,D,6437,6244
S*Kerman.Khodro.E.,20200930,6057,6057,6057,6057,31020568137,5121441,329,D,6244,6057
S*Kerman.Khodro.E.,20201003,5876,6238,5876,6088,3.59617E+11,59066900,4963,D,6057,6230
S*Kerman.Khodro.E.,20201004,6260,6260,5906,5945,1.71312E+11,28815824,2831,D,6088,5906
S*Kerman.Khodro.E.,20201005,5767,5906,5767,5790,2.54924E+11,44030681,3009,D,5945,5850
S*Kerman.Khodro.E.,20201007,5963,5963,5850,5962,2.27291E+11,38126313,2145,D,5790,5963
S*Kerman.Khodro.E.,20201010,6057,6140,5900,6107,1.42814E+11,23385734,2192,D,5962,6140
S*Kerman.Khodro.E.,20201011,6290,6290,6060,6263,1.31377E+11,20975174,1841,D,6107,6138
S*Kerman.Khodro.E.,20201012,6124,6370,6076,6136,2.20047E+11,35861232,3535,D,6263,6090
S*Kerman.Khodro.E.,20201013,5970,6200,5952,5978,1.46894E+11,24571200,2736,D,6136,5952
S*Kerman.Khodro.E.,20201014,5800,6050,5799,5805,1.06402E+11,18329241,1443,D,5978,5799
S*Kerman.Khodro.E.,20201018,5631,5805,5631,5634,37868533658,6721980,611,D,5805,5631
S*Kerman.Khodro.E.,20201019,5465,5465,5465,5566,7597738110,1390254,124,D,5634,5465
S*Kerman.Khodro.E.,20201020,5288,5288,5288,5411,10157835536,1920922,191,D,5566,5288
S*Kerman.Khodro.E.,20201021,5249,5430,5249,5260,1.51432E+11,28790347,1853,D,5411,5249
S*Kerman.Khodro.E.,20201024,5103,5103,5103,5204,6940830141,1360147,143,D,5260,5103
S*Kerman.Khodro.E.,20201026,5048,5048,5048,5174,3689881032,730959,122,D,5204,5048
S*Kerman.Khodro.E.,20201027,4916,4916,4916,5037,9956109336,2025246,152,D,5174,4916
S*Kerman.Khodro.E.,20201028,4886,4886,4886,4975,7652106294,1566129,221,D,5037,4886
S*Kerman.Khodro.E.,20201031,4826,4970,4826,4858,2.16456E+11,44554197,3138,D,4975,4826
S*Kerman.Khodro.E.,20201101,4830,4840,4713,4733,37883518737,8003492,453,D,4858,4713
S*Kerman.Khodro.E.,20201102,4497,4700,4497,4509,77822465418,17259583,1122,D,4733,4497
S*Kerman.Khodro.E.,20201104,4374,4487,4374,4378,35434562113,8094353,705,D,4509,4374
S*Kerman.Khodro.E.,20201107,4400,4497,4247,4272,57916870632,13557436,967,D,4378,4247
S*Kerman.Khodro.E.,20201108,4144,4144,4144,4252,2968144144,716251,131,D,4272,4144
S*Kerman.Khodro.E.,20201109,4040,4040,4040,4040,48802779840,12079896,472,D,4252,4040
S*Kerman.Khodro.E.,20201110,3919,4020,3919,3925,94240658841,24008205,1766,D,4040,3919
S*Kerman.Khodro.E.,20201111,3832,4042,3832,4027,89011291600,22102079,1776,D,3925,4042
S*Kerman.Khodro.E.,20201114,4147,4147,4147,4136,18736564847,4518101,299,D,4027,4147
S*Kerman.Khodro.E.,20201115,4260,4260,4021,4232,2.46169E+11,58165309,3737,D,4136,4190
S*Kerman.Khodro.E.,20201116,4229,4358,4130,4331,47434738915,10951947,879,D,4232,4358
S*Kerman.Khodro.E.,20201117,4460,4460,4358,4458,53234237498,11940213,925,D,4331,4460
S*Kerman.Khodro.E.,20201118,4591,4591,4527,4591,46793676383,10192545,726,D,4458,4591
S*Kerman.Khodro.E.,20201121,4820,4820,4400,4687,2.35137E+11,50169479,4375,D,4591,4519
S*Kerman.Khodro.E.,20201122,4547,4777,4547,4597,1.46922E+11,31958565,2381,D,4687,4547
S*Kerman.Khodro.E.,20201123,4501,4717,4480,4580,1.16578E+11,25452764,2577,D,4597,4655
S*Kerman.Khodro.E.,20201124,4705,4717,4510,4669,1.05167E+11,22524019,2191,D,4580,4649
S*Kerman.Khodro.E.,20201125,4670,4809,4529,4677,1.60782E+11,34375455,2644,D,4669,4809
S*Kerman.Khodro.E.,20201128,4817,4817,4817,4817,29279402316,6078348,378,D,4677,4817
S*Kerman.Khodro.E.,20201129,4961,4961,4961,4916,14582388205,2939405,215,D,4817,4961
S*Kerman.Khodro.E.,20201130,5161,5161,5161,5126,18933680727,3668607,273,D,4916,5161
S*Kerman.Khodro.E.,20201201,5279,5279,5279,5279,28223925387,5346453,304,D,5126,5279
S*Kerman.Khodro.E.,20201202,5437,5437,5437,5437,23389887008,4301984,319,D,5279,5437
S*Kerman.Khodro.E.,20201205,5600,5600,5600,5600,20619732000,3682095,236,D,5437,5600
S*Kerman.Khodro.E.,20201206,5880,5880,5880,5880,22095099600,3757670,346,D,5600,5880
S*Kerman.Khodro.E.,20201207,6056,6056,5900,6049,8.45286E+11,139740599,5645,D,5880,6056
S*Kerman.Khodro.E.,20201208,6230,6230,5950,6179,5.50747E+11,89129933,7081,D,6049,6119
S*Kerman.Khodro.E.,20201209,6200,6200,5994,6033,3.6174E+11,59960598,6461,D,6179,6006
S*Kerman.Khodro.E.,20201212,6050,6199,5870,6035,3.26214E+11,54049568,6172,D,6033,5910
S*Kerman.Khodro.E.,20201213,5870,6190,5854,5940,3.08873E+11,51999050,4521,D,6035,5854
S*Kerman.Khodro.E.,20201214,5890,6060,5762,5852,2.09691E+11,35830318,3285,D,5940,5762
S*Kerman.Khodro.E.,20201215,5677,5780,5677,5680,33664860865,5926632,504,D,5852,5677
S*Kerman.Khodro.E.,20201216,5396,5677,5396,5425,1.68376E+11,31035630,3072,D,5680,5460
S*Kerman.Khodro.E.,20201219,5400,5587,5400,5578,82389386377,14771328,1418,D,5425,5587
S*Kerman.Khodro.E.,20201220,5740,5745,5550,5707,2.33147E+11,40855179,3341,D,5578,5698
S*Kerman.Khodro.E.,20201221,5828,5878,5536,5838,79690644570,13649447,1149,D,5707,5878
S*Kerman.Khodro.E.,20201222,6013,6013,6013,6013,30871523690,5134130,449,D,5838,6013
S*Kerman.Khodro.E.,20201223,6193,6193,6193,6193,81836550059,13214363,668,D,6013,6193
S*Kerman.Khodro.E.,20201226,6502,6502,6270,6449,4.78279E+11,74165921,6874,D,6193,6389
S*Kerman.Khodro.E.,20201227,6590,6590,6256,6320,1.98944E+11,31480115,3316,D,6449,6256
S*Kerman.Khodro.E.,20201228,6150,6460,6131,6200,2.13903E+11,34502595,4164,D,6320,6240
S*Kerman.Khodro.E.,20201229,6360,6360,6014,6096,2.06015E+11,33795535,3192,D,6200,6060
S*Kerman.Khodro.E.,20201230,5950,6269,5950,6162,1.54676E+11,25102187,3218,D,6096,6070
S*Kerman.Khodro.E.,20210102,5979,6150,5978,5995,1.65227E+11,27560060,2262,D,6162,5978
S*Kerman.Khodro.E.,20210103,5816,6099,5816,5875,49113067209,8359126,948,D,5995,5995
S*Kerman.Khodro.E.,20210109,6051,6051,6051,6051,1.29161E+11,21345445,894,D,5875,6051
S*Kerman.Khodro.E.,20210110,6232,6232,6232,6232,46324126176,7433268,495,D,6051,6232
S*Kerman.Khodro.E.,20210111,6418,6418,6120,6352,2.33267E+11,36724820,2820,D,6232,6180
S*Kerman.Khodro.E.,20210112,6165,6344,6162,6168,63099068431,10229711,974,D,6352,6162
S*Kerman.Khodro.E.,20210113,5983,5983,5983,5983,42003753211,7020517,357,D,6168,5983
S*Kerman.Khodro.E.,20210116,5804,5804,5804,5804,35285783652,6079563,242,D,5983,5804
S*Kerman.Khodro.E.,20210118,5514,5514,5514,5591,13569253722,2460873,90,D,5804,5514
S*Kerman.Khodro.E.,20210119,5424,5424,5424,5424,40240102752,7418898,431,D,5591,5424
S*Kerman.Khodro.E.,20210120,5262,5530,5262,5305,2.78535E+11,52501191,5035,D,5424,5262
S*Kerman.Khodro.E.,20210123,5230,5420,5150,5249,1.71193E+11,32613100,3688,D,5305,5240
S*Kerman.Khodro.E.,20210124,5380,5406,5092,5261,2.7503E+11,52277832,3556,D,5249,5092
S*Kerman.Khodro.E.,20210125,5104,5261,5104,5125,80281167963,15665977,1457,D,5261,5104
S*Kerman.Khodro.E.,20210126,5001,5030,4972,4979,41704222839,8375739,625,D,5125,4972
S*Kerman.Khodro.E.,20210127,4830,4830,4830,4830,25898624220,5362034,395,D,4979,4830
S*Kerman.Khodro.E.,20210130,4680,5071,4666,4955,2.00046E+11,40371192,3187,D,4830,5071
S*Kerman.Khodro.E.,20210131,5103,5103,4807,4926,1.28417E+11,26068464,2288,D,4955,4807
S*Kerman.Khodro.E.,20210201,4800,4899,4779,4782,75468288566,15782556,1152,D,4926,4779
S*Kerman.Khodro.E.,20210202,4639,4810,4639,4665,1.58349E+11,33945202,1762,D,4782,4639
S*Kerman.Khodro.E.,20210203,4590,4800,4432,4488,88530433192,19727859,1472,D,4665,4432
S*Kerman.Khodro.E.,20210206,4354,4354,4354,4466,3200473010,735065,86,D,4488,4354
S*Kerman.Khodro.E.,20210207,4333,4512,4333,4400,2.13943E+11,48623542,3804,D,4466,4377
S*Kerman.Khodro.E.,20210208,4400,4439,4268,4286,49756668923,11610429,837,D,4400,4268
S*Kerman.Khodro.E.,20210209,4158,4286,4158,4201,1.68226E+11,40040617,3124,D,4286,4219
S*Kerman.Khodro.E.,20210213,4300,4327,4250,4324,73136925483,16913623,818,D,4201,4327
S*Kerman.Khodro.E.,20210214,4420,4420,4238,4269,72743893035,17041382,1266,D,4324,4238
S*Kerman.Khodro.E.,20210215,4184,4237,4184,4184,48129900434,11502042,680,D,4269,4184
S*Kerman.Khodro.E.,20210216,4101,4101,4101,4101,28490184231,6947131,400,D,4184,4101
S*Kerman.Khodro.E.,20210217,4010,4200,3937,3990,1.31284E+11,32906614,2920,D,4101,4000
S*Kerman.Khodro.E.,20210220,4000,4070,3911,3962,1.02439E+11,25855363,2458,D,3990,3999
S*Kerman.Khodro.E.,20210221,4000,4080,4000,4075,2.88257E+11,70729794,3982,D,3962,4059
S*Kerman.Khodro.E.,20210222,4010,4050,3994,3996,1.08888E+11,27247300,988,D,4075,4040
S*Kerman.Khodro.E.,20210223,3940,4091,3940,4017,1.07226E+11,26692187,2569,D,3996,4072
S*Kerman.Khodro.E.,20210224,4120,4137,4001,4114,1.28477E+11,31231708,2887,D,4017,4050
S*Kerman.Khodro.E.,20210227,4088,4088,4032,4033,56625562788,14039959,595,D,4114,4032
S*Kerman.Khodro.E.,20210228,3953,4000,3953,3995,9107382165,2303705,278,D,4033,3953
S*Kerman.Khodro.E.,20210301,3916,3994,3916,3919,84357399331,21525713,1938,D,3995,3916
S*Kerman.Khodro.E.,20210302,3921,4033,3921,3980,53593134919,13467121,1504,D,3919,3960
S*Kerman.Khodro.E.,20210303,3935,4030,3901,3914,41934583030,10712771,1056,D,3980,3903
S*Kerman.Khodro.E.,20210306,3836,3949,3836,3845,17717714406,4616486,370,D,3914,3836
S*Kerman.Khodro.E.,20210307,3769,3880,3769,3780,1.06193E+11,28095049,1534,D,3845,3847
S*Kerman.Khodro.E.,20210308,3893,3893,3870,3893,60371191450,15508461,888,D,3780,3893
S*Kerman.Khodro.E.,20210309,4009,4009,3922,4009,80405797976,20058253,1017,D,3893,4009
S*Kerman.Khodro.E.,20210310,4040,4129,3990,4098,2.03659E+11,49698071,2534,D,4009,4129
S*Kerman.Khodro.E.,20210313,4200,4270,4018,4127,1.105E+11,26773409,2272,D,4098,4074
S*Kerman.Khodro.E.,20210314,4046,4240,4045,4095,82120757765,20052644,1864,D,4127,4052
S*Kerman.Khodro.E.,20210315,4120,4160,4030,4068,44298295266,10888528,1142,D,4095,4096
S*Kerman.Khodro.E.,20210316,4078,4175,4068,4115,62686051831,15234565,1235,D,4068,4075
S*Kerman.Khodro.E.,20210317,4100,4150,4033,4061,59791165907,14724618,1035,D,4115,4100
S*Kerman.Khodro.E.,20210327,4165,4182,4022,4154,47304396299,11388905,1022,D,4061,4182
S*Kerman.Khodro.E.,20210328,4270,4278,4161,4271,72977677027,17088764,1041,D,4154,4278
S*Kerman.Khodro.E.,20210330,4300,4389,4186,4260,66221723969,15545540,1352,D,4271,4187
S*Kerman.Khodro.E.,20210331,4177,4270,4175,4186,46572289520,11124470,715,D,4260,4175
S*Kerman.Khodro.E.,20210403,4103,4120,4103,4103,37567742512,9155915,388,D,4186,4103
S*Kerman.Khodro.E.,20210404,4021,4150,4021,4022,25521472416,6345958,387,D,4103,4021
S*Kerman.Khodro.E.,20210405,3875,4000,3865,3903,43342388495,11104666,1260,D,4022,3929
S*Kerman.Khodro.E.,20210406,3890,4020,3890,3986,60868193849,15270881,1264,D,3903,4020
S*Kerman.Khodro.E.,20210407,4001,4105,4001,4101,95010649302,23170107,1635,D,3986,4105
S*Kerman.Khodro.E.,20210410,4100,4100,4019,4021,58973367853,14665230,1032,D,4101,4019
S*Kerman.Khodro.E.,20210411,3941,3941,3941,4001,4704939204,1193844,109,D,4021,3941
S*Kerman.Khodro.E.,20210412,3921,3980,3921,3923,54450816755,13879370,741,D,4001,3965
S*Kerman.Khodro.E.,20210413,3960,4040,3920,4003,97148117100,24270094,1726,D,3923,4040
S*Kerman.Khodro.E.,20210414,4000,4039,3923,3940,60951224876,15469123,1033,D,4003,3928
S*Kerman.Khodro.E.,20210417,3870,3880,3862,3863,24870627167,6438665,407,D,3940,3862
S*Kerman.Khodro.E.,20210418,3786,3849,3786,3787,29865903233,7887206,539,D,3863,3786
S*Kerman.Khodro.E.,20210419,3712,3786,3712,3714,83553520774,22496779,1376,D,3787,3733
S*Kerman.Khodro.E.,20210420,3700,3825,3700,3815,82775234674,21697469,1139,D,3714,3825
S*Kerman.Khodro.E.,20210421,3881,3881,3739,3771,51783554113,13731326,1104,D,3815,3739
S*Kerman.Khodro.E.,20210424,3696,3800,3696,3698,42555210179,11506251,821,D,3771,3696
S*Kerman.Khodro.E.,20210425,3625,3626,3625,3689,2333365580,643636,109,D,3698,3625
S*Kerman.Khodro.E.,20210426,3616,3680,3616,3618,42645103661,11787456,482,D,3689,3616
S*Kerman.Khodro.E.,20210427,3560,3720,3483,3581,40016271848,11174972,1080,D,3618,3580
S*Kerman.Khodro.E.,20210428,3615,3687,3515,3618,31326313543,8659517,838,D,3581,3665
S*Kerman.Khodro.E.,20210501,3700,3700,3546,3567,45428960375,12735593,835,D,3618,3546
S*Kerman.Khodro.E.,20210502,3520,3521,3496,3497,26489920761,7574169,505,D,3567,3496
S*Kerman.Khodro.E.,20210503,3428,3484,3428,3429,18706163541,5456328,445,D,3497,3428
S*Kerman.Khodro.E.,20210505,3380,3530,3370,3460,28001189531,8093138,837,D,3429,3440
S*Kerman.Khodro.E.,20210508,3440,3500,3391,3403,26014387036,7644358,601,D,3460,3391
S*Kerman.Khodro.E.,20210509,3335,3365,3335,3335,21362004859,6404967,313,D,3403,3335
S*Kerman.Khodro.E.,20210510,3269,3386,3269,3283,39524042104,12037793,936,D,3335,3300
S*Kerman.Khodro.E.,20210511,3273,3381,3273,3361,22254961501,6621194,519,D,3283,3381
S*Kerman.Khodro.E.,20210512,3430,3430,3294,3322,25168958229,7575434,653,D,3361,3340
S*Kerman.Khodro.E.,20210515,3250,3390,3250,3314,27759884788,8376121,611,D,3322,3300
S*Kerman.Khodro.E.,20210516,3230,3413,3230,3409,82865034158,24309617,1019,D,3314,3413
S*Kerman.Khodro.E.,20210517,3410,3479,3307,3329,39039880727,11728670,625,D,3409,3307
S*Kerman.Khodro.E.,20210518,3260,3370,3232,3309,23284337304,7036232,498,D,3329,3290
S*Kerman.Khodro.E.,20210519,3250,3340,3210,3223,15059974561,4672732,310,D,3309,3210
S*Kerman.Khodro.E.,20210522,3160,3195,3127,3131,9530101659,3045825,158,D,3223,3127
S*Kerman.Khodro.E.,20210523,3038,3068,3038,3038,38707914194,12740341,419,D,3131,3038
S*Kerman.Khodro.E.,20210524,2887,2990,2887,2890,62184459672,21514676,948,D,3038,2888
S*Kerman.Khodro.E.,20210529,2976,2976,2976,2922,3846515712,1292512,93,D,2890,2976
S*Kerman.Khodro.E.,20210530,3009,3009,2951,3009,66489006289,22098552,683,D,2922,3009
S*Kerman.Khodro.E.,20210531,3009,3050,2919,2944,45288085819,15384281,896,D,3009,2919
S*Kerman.Khodro.E.,20210601,2974,2985,2880,2936,16766992143,5710948,548,D,2944,2900
S*Kerman.Khodro.E.,20210602,2949,3024,2900,3008,29303689890,9742690,566,D,2936,3024
S*Kerman.Khodro.E.,20210607,3010,3098,3010,3093,24615114214,7957371,509,D,3008,3098
S*Kerman.Khodro.E.,20210608,3145,3185,3100,3170,46490777203,14667223,730,D,3093,3148
S*Kerman.Khodro.E.,20210609,3111,3240,3080,3160,21011734689,6648498,536,D,3170,3154
S*Kerman.Khodro.E.,20210612,3110,3229,3080,3136,20297749936,6473185,617,D,3160,3130
S*Kerman.Khodro.E.,20210613,3170,3230,3090,3205,34717414617,10831424,752,D,3136,3230
S*Kerman.Khodro.E.,20210614,3213,3301,3213,3297,42274676089,12821304,555,D,3205,3301
S*Kerman.Khodro.E.,20210615,3380,3390,3220,3266,38512038790,11791710,686,D,3297,3249
S*Kerman.Khodro.E.,20210616,3190,3296,3190,3259,18357750373,5633225,510,D,3266,3293
S*Kerman.Khodro.E.,20210619,3220,3319,3220,3250,23127832537,7116551,415,D,3259,3223
S*Kerman.Khodro.E.,20210620,3230,3290,3190,3234,13644745276,4218530,356,D,3250,3204
S*Kerman.Khodro.E.,20210621,3190,3331,3141,3307,25091062565,7586813,529,D,3234,3330
S*Kerman.Khodro.E.,20210622,3383,3406,3250,3381,42956796264,12704820,669,D,3307,3400
S*Kerman.Khodro.E.,20210623,3445,3480,3329,3431,37047985733,10797369,684,D,3381,3450
S*Kerman.Khodro.E.,20210626,3482,3498,3330,3432,33208441042,9675614,678,D,3431,3360
S*Kerman.Khodro.E.,20210627,3400,3488,3365,3437,25802056814,7507193,600,D,3432,3405
S*Kerman.Khodro.E.,20210628,3457,3517,3345,3464,39477572178,11395318,745,D,3437,3499
S*Kerman.Khodro.E.,20210629,3500,3528,3450,3476,31932309247,9185943,577,D,3464,3465
S*Kerman.Khodro.E.,20210630,3404,3520,3404,3457,19966843859,5775934,453,D,3476,3509
S*Kerman.Khodro.E.,20210703,3500,3560,3415,3474,38774175659,11161533,596,D,3457,3485
S*Kerman.Khodro.E.,20210704,3400,3578,3400,3553,61911165209,17426408,896,D,3474,3544
S*Kerman.Khodro.E.,20210705,3581,3630,3500,3572,26691793202,7472786,612,D,3553,3597
S*Kerman.Khodro.E.,20210706,3678,3678,3513,3579,32478464925,9074118,653,D,3572,3572
S*Kerman.Khodro.E.,20210707,3560,3650,3500,3571,37383000905,10469018,688,D,3579,3580
S*Kerman.Khodro.E.,20210710,3620,3620,3506,3551,19457382042,5479863,487,D,3571,3542
S*Kerman.Khodro.E.,20210711,3486,3600,3486,3567,46653533616,13079068,708,D,3551,3550
S*Kerman.Khodro.E.,20210712,3619,3639,3540,3598,34621627448,9621428,587,D,3567,3595
S*Kerman.Khodro.E.,20210713,3551,3705,3501,3664,72052538656,19665397,1115,D,3598,3705
S*Kerman.Khodro.E.,20210714,3740,3773,3620,3768,35893564089,9524894,407,D,3664,3773
S*Kerman.Khodro.E.,20210717,3881,3881,3773,3871,98817503878,25525172,1357,D,3768,3833
S*Kerman.Khodro.E.,20210718,3780,3900,3755,3771,44120996349,11700990,803,D,3871,3755
S*Kerman.Khodro.E.,20210719,3700,3850,3669,3779,39102676771,10346248,795,D,3771,3819
S*Kerman.Khodro.E.,20210803,3650,3760,3647,3661,57049395893,15582898,953,D,3759,3647
S*Kerman.Khodro.E.,20210804,3630,3630,3552,3556,67311815273,18929363,1038,D,3661,3552
S*Kerman.Khodro.E.,20210807,3472,3600,3450,3527,41703469038,11824593,797,D,3556,3490
S*Kerman.Khodro.E.,20210808,3584,3584,3424,3533,34822746055,9857542,616,D,3527,3578
S*Kerman.Khodro.E.,20210809,3600,3638,3500,3625,47391178270,13074876,874,D,3533,3600
S*Kerman.Khodro.E.,20210815,3733,3733,3733,3733,10268056994,2750618,150,D,3625,3733
S*Kerman.Khodro.E.,20210822,3844,3844,3844,3844,15908601576,4138554,239,D,3733,3844
S*Kerman.Khodro.E.,20210823,3959,3959,3800,3951,90499384357,22905337,1074,D,3844,3959
S*Kerman.Khodro.E.,20210824,4069,4069,4000,4066,43574158631,10717831,718,D,3951,4069
S*Kerman.Khodro.E.,20210825,4180,4269,4000,4196,87380983343,20823941,1722,D,4066,4269
S*Kerman.Khodro.E.,20210828,4310,4321,4230,4309,83939014058,19478627,1489,D,4196,4241
S*Kerman.Khodro.E.,20210829,4270,4317,4180,4207,98627617530,23443737,1755,D,4309,4180
S*Kerman.Khodro.E.,20210830,4081,4150,4081,4083,51808022579,12689595,577,D,4207,4081
S*Kerman.Khodro.E.,20210831,3961,4081,3961,3981,89752551599,22544876,1244,D,4083,4040
S*Kerman.Khodro.E.,20210901,3962,4100,3900,4031,45268814235,11230432,893,D,3981,4074
S*Kerman.Khodro.E.,20210904,3950,4142,3950,4030,53341732915,13236263,1423,D,4031,4023
S*Kerman.Khodro.E.,20210905,4025,4130,3950,4045,96705429388,23907295,1737,D,4030,4030
S*Kerman.Khodro.E.,20210906,4035,4070,3930,4005,67081194060,16751442,1534,D,4045,3939
S*Kerman.Khodro.E.,20210907,3900,3950,3885,3891,50917220090,13085693,1319,D,4005,3885
S*Kerman.Khodro.E.,20210908,3910,3985,3850,3932,36262769857,9223082,1335,D,3891,3925
S*Kerman.Khodro.E.,20210911,3974,4039,3830,3933,44087179425,11210045,978,D,3932,3880
S*Kerman.Khodro.E.,20210912,3850,3960,3816,3825,11523383617,3012644,382,D,3933,3816
S*Kerman.Khodro.E.,20210913,3711,3802,3711,3714,72837233696,19609017,983,D,3825,3711
S*Kerman.Khodro.E.,20210914,3820,3820,3670,3718,43875284084,11799888,1143,D,3714,3690
S*Kerman.Khodro.E.,20210915,3650,3690,3607,3612,61795806373,17106358,1384,D,3718,3610
S*Kerman.Khodro.E.,20210918,3700,3700,3504,3531,15614597184,4422381,337,D,3612,3504
S*Kerman.Khodro.E.,20210919,3500,3530,3426,3439,40995983849,11920574,589,D,3531,3426
S*Kerman.Khodro.E.,20210920,3337,3400,3336,3342,67006940474,20052848,1125,D,3439,3346
S*Kerman.Khodro.E.,20210921,3281,3399,3242,3255,10378269281,3188431,297,D,3342,3242
S*Kerman.Khodro.E.,20210922,3160,3242,3158,3160,41798172773,13227885,824,D,3255,3158
S*Kerman.Khodro.E.,20210925,3246,3254,3113,3226,28334479530,8783454,805,D,3160,3254
S*Kerman.Khodro.E.,20210926,3320,3320,3130,3152,32811150478,10409110,692,D,3226,3140
S*Kerman.Khodro.E.,20210928,3063,3168,3058,3102,19069018258,6147350,673,D,3152,3120
S*Kerman.Khodro.E.,20210929,3033,3139,3031,3074,18988252842,6178038,688,D,3102,3065
S*Kerman.Khodro.E.,20211002,3157,3158,3077,3120,24733647608,7926353,854,D,3074,3100
S*Kerman.Khodro.E.,20211003,3130,3190,3027,3088,58233283239,18858740,1483,D,3120,3190
S*Kerman.Khodro.E.,20211004,3180,3180,3120,3175,38529823143,12136233,903,D,3088,3180
S*Kerman.Khodro.E.,20211006,3175,3265,3080,3131,24035494220,7677728,787,D,3175,3133
S*Kerman.Khodro.E.,20211009,3085,3180,3038,3046,21554381375,7075187,674,D,3131,3038
S*Kerman.Khodro.E.,20211010,3020,3037,2955,2966,30021349662,10122998,790,D,3046,3010
S*Kerman.Khodro.E.,20211011,2955,3043,2911,2968,31156956456,10498190,787,D,2966,3000
S*Kerman.Khodro.E.,20211012,2940,3041,2879,2899,27369656504,9441555,675,D,2968,2900
S*Kerman.Khodro.E.,20211013,2850,2940,2813,2820,26079653797,9248889,544,D,2899,2819
S*Kerman.Khodro.E.,20211016,2851,2904,2810,2888,25896988408,8968187,623,D,2820,2904
S*Kerman.Khodro.E.,20211017,2904,2920,2803,2837,12828435424,4521472,474,D,2888,2825
S*Kerman.Khodro.E.,20211018,2760,2836,2752,2762,24140814199,8740849,562,D,2837,2752
S*Kerman.Khodro.E.,20211019,2710,2820,2700,2761,25709375527,9312066,720,D,2762,2768
S*Kerman.Khodro.E.,20211020,2751,2800,2679,2731,18787086048,6879265,576,D,2761,2760
S*Kerman.Khodro.E.,20211023,2656,2700,2650,2655,18170891845,6844250,408,D,2731,2650
S*Kerman.Khodro.E.,20211025,2660,2660,2576,2580,16199201207,6279719,468,D,2655,2576
S*Kerman.Khodro.E.,20211026,2510,2627,2510,2542,18058128693,7103364,439,D,2580,2511
S*Kerman.Khodro.E.,20211027,2507,2570,2467,2492,13795571622,5535202,526,D,2542,2471
S*Kerman.Khodro.E.,20211030,2426,2500,2418,2426,16822321780,6935343,493,D,2492,2418
S*Kerman.Khodro.E.,20211031,2357,2418,2354,2364,31582822900,13360870,555,D,2426,2358
S*Kerman.Khodro.E.,20211101,2400,2434,2370,2431,20885121285,8590206,475,D,2364,2434
S*Kerman.Khodro.E.,20211102,2445,2503,2400,2485,14751431311,5937278,396,D,2431,2503
S*Kerman.Khodro.E.,20211103,2503,2559,2503,2557,11885452526,4648637,253,D,2485,2559
S*Kerman.Khodro.E.,20211106,2633,2633,2633,2633,10685948877,4058469,124,D,2557,2633
S*Kerman.Khodro.E.,20211107,2690,2711,2561,2679,52188488875,19483743,846,D,2633,2625
S*Kerman.Khodro.E.,20211108,2606,2759,2606,2730,48560745718,17789772,974,D,2679,2728
S*Kerman.Khodro.E.,20211109,2700,2760,2649,2695,29672824216,11011790,533,D,2730,2680
S*Kerman.Khodro.E.,20211110,2770,2775,2703,2775,15704052871,5660078,202,D,2695,2775
S*Kerman.Khodro.E.,20211113,2692,2700,2692,2692,59793608640,22209658,686,D,2775,2692
S*Kerman.Khodro.E.,20211114,2690,2772,2690,2767,45306634620,16373436,685,D,2692,2772
S*Kerman.Khodro.E.,20211115,2810,2810,2684,2711,27128527762,10007537,518,D,2767,2685
S*Kerman.Khodro.E.,20211116,2633,2770,2633,2735,17636558227,6448586,396,D,2711,2732
S*Kerman.Khodro.E.,20211117,2675,2817,2675,2797,23378117789,8356813,512,D,2735,2798
S*Kerman.Khodro.E.,20211120,2752,2877,2750,2815,25772143567,9155521,574,D,2797,2870
S*Kerman.Khodro.E.,20211121,2870,2899,2815,2894,41843965774,14458338,712,D,2815,2899
S*Kerman.Khodro.E.,20211122,2900,2980,2860,2952,38347115316,12991199,615,D,2894,2978
S*Kerman.Khodro.E.,20211123,3000,3039,2864,2895,12435883736,4296251,414,D,2952,2867
S*Kerman.Khodro.E.,20211124,2940,2981,2809,2945,44528338955,15119615,649,D,2895,2981
S*Kerman.Khodro.E.,20211127,2975,2981,2858,2915,16515318437,5664872,490,D,2945,2920
S*Kerman.Khodro.E.,20211128,2858,2997,2831,2922,13294079971,4550205,425,D,2915,2930
S*Kerman.Khodro.E.,20211129,2860,2998,2860,2911,8101180036,2784713,374,D,2922,2901
S*Kerman.Khodro.E.,20211130,2930,2930,2830,2867,10310382770,3596279,381,D,2911,2864
S*Kerman.Khodro.E.,20211204,2781,2800,2781,2781,18997889013,6830664,251,D,2867,2781
S*Kerman.Khodro.E.,20211205,2781,2824,2699,2773,12754496121,4598752,391,D,2781,2796
S*Kerman.Khodro.E.,20211206,2773,2856,2772,2807,10090517862,3594498,310,D,2773,2778
S*Kerman.Khodro.E.,20211207,2775,2891,2730,2821,58543706009,20752672,641,D,2807,2891
S*Kerman.Khodro.E.,20211208,2898,2905,2822,2905,29301531058,10088141,360,D,2821,2905
S*Kerman.Khodro.E.,20211211,2992,2992,2830,2977,61107764184,20528995,891,D,2905,2992
S*Kerman.Khodro.E.,20211212,3000,3066,2977,3043,90141325912,29622617,1132,D,2977,2980
S*Kerman.Khodro.E.,20211213,3000,3088,2952,2972,47304963824,15918068,647,D,3043,2960
S*Kerman.Khodro.E.,20211214,2891,2960,2883,2915,38275126834,13132555,428,D,2972,2900
S*Kerman.Khodro.E.,20211215,2848,2992,2848,2916,18449936916,6327188,269,D,2915,2929
S*Kerman.Khodro.E.,20211218,2888,3003,2888,2942,13296840325,4519396,286,D,2916,2957
S*Kerman.Khodro.E.,20211219,2998,2998,2881,2900,15913155476,5486491,259,D,2942,2930
S*Kerman.Khodro.E.,20211220,2859,2987,2858,2958,12996405265,4393027,300,D,2900,2984
S*Kerman.Khodro.E.,20211221,3020,3046,2932,3014,19837627548,6581848,352,D,2958,3046
S*Kerman.Khodro.E.,20211222,3085,3104,3044,3097,15031563879,4853049,351,D,3014,3090
S*Kerman.Khodro.E.,20211225,3095,3187,3080,3128,37524300599,11997583,499,D,3097,3162
S*Kerman.Khodro.E.,20211226,3071,3187,3071,3143,15200928159,4837122,283,D,3128,3131
S*Kerman.Khodro.E.,20211227,3100,3237,3100,3200,47439788424,14823454,495,D,3143,3180
S*Kerman.Khodro.E.,20211228,3180,3268,3121,3223,18564992554,5760625,323,D,3200,3250
S*Kerman.Khodro.E.,20211229,3270,3278,3147,3224,45835554123,14215858,462,D,3223,3223
S*Kerman.Khodro.E.,20220101,3259,3259,3128,3162,9915444281,3135861,227,D,3224,3145
S*Kerman.Khodro.E.,20220102,3130,3249,3080,3184,19749062081,6202380,323,D,3162,3218
S*Kerman.Khodro.E.,20220103,3202,3255,3135,3219,18140626948,5635497,277,D,3184,3200
S*Kerman.Khodro.E.,20220104,3195,3280,3195,3241,18310380625,5648780,363,D,3219,3250
S*Kerman.Khodro.E.,20220105,3180,3330,3180,3306,26182565230,7920446,497,D,3241,3310
S*Kerman.Khodro.E.,20220108,3355,3405,3231,3363,38402695016,11417681,681,D,3306,3312
S*Kerman.Khodro.E.,20220109,3379,3388,3263,3310,52064787632,15728768,582,D,3363,3337
S*Kerman.Khodro.E.,20220110,3320,3409,3213,3376,42318460113,12533696,618,D,3310,3400
S*Kerman.Khodro.E.,20220111,3382,3476,3382,3432,41071129087,11966153,638,D,3376,3420
S*Kerman.Khodro.E.,20220112,3510,3510,3360,3433,13119839807,3821359,391,D,3432,3470
S*Kerman.Khodro.E.,20220115,3433,3459,3350,3392,12556491431,3701810,326,D,3433,3395
S*Kerman.Khodro.E.,20220116,3292,3450,3292,3398,25705636237,7564710,382,D,3392,3427
S*Kerman.Khodro.E.,20220117,3448,3450,3340,3403,33701685734,9903264,385,D,3398,3398
S*Kerman.Khodro.E.,20220118,3303,3412,3301,3303,23633719014,7155886,257,D,3403,3301
S*Kerman.Khodro.E.,20220119,3270,3272,3204,3210,23579324992,7346172,350,D,3303,3272
S*Kerman.Khodro.E.,20220122,3210,3274,3190,3211,14419352994,4490259,233,D,3210,3195
S*Kerman.Khodro.E.,20220123,3115,3160,3115,3115,10631440309,3412566,161,D,3211,3115
S*Kerman.Khodro.E.,20220124,3089,3089,3022,3025,9282797447,3070235,201,D,3115,3022
S*Kerman.Khodro.E.,20220125,2935,2950,2935,2955,7119434894,2425164,98,D,3025,2935
S*Kerman.Khodro.E.,20220126,2881,3040,2808,2862,10664007954,3725577,364,D,2955,2869
S*Kerman.Khodro.E.,20220129,2781,2947,2781,2901,7595541822,2606809,337,D,2862,2947
S*Kerman.Khodro.E.,20220130,2950,2955,2820,2891,4310509147,1498345,224,D,2901,2823
S*Kerman.Khodro.E.,20220131,2808,2977,2806,2957,12670858630,4285221,257,D,2891,2977
S*Kerman.Khodro.E.,20220201,3040,3045,2950,2985,9917867233,3321387,246,D,2957,2961
S*Kerman.Khodro.E.,20220202,2997,3018,2974,2992,4839460716,1613067,196,D,2985,2980
S*Kerman.Khodro.E.,20220205,3040,3040,2909,2978,7048534374,2371956,211,D,2992,2913
S*Kerman.Khodro.E.,20220206,2930,2930,2889,2899,8763601623,3031802,134,D,2978,2889
S*Kerman.Khodro.E.,20220207,2813,2944,2813,2832,10259604838,3622411,276,D,2899,2821
S*Kerman.Khodro.E.,20220208,2807,2900,2760,2823,9797209136,3471015,329,D,2832,2807
S*Kerman.Khodro.E.,20220209,2758,2870,2749,2804,11117793431,3965541,393,D,2823,2801
S*Kerman.Khodro.E.,20220212,2875,2875,2720,2745,11592878254,4223611,302,D,2804,2720
S*Kerman.Khodro.E.,20220213,2670,2720,2663,2668,10000719584,3748870,236,D,2745,2663
S*Kerman.Khodro.E.,20220214,2630,2739,2600,2672,5789104155,2164580,315,D,2668,2721
S*Kerman.Khodro.E.,20220216,2621,2752,2621,2748,22913131143,8338462,306,D,2672,2752
S*Kerman.Khodro.E.,20220219,2821,2830,2751,2826,31150501817,11023909,610,D,2748,2830
S*Kerman.Khodro.E.,20220220,2810,2910,2781,2887,25540420814,8845675,550,D,2826,2910
S*Kerman.Khodro.E.,20220221,2963,2972,2914,2933,13683499790,4666079,427,D,2887,2937
S*Kerman.Khodro.E.,20220222,2950,2969,2850,2919,5296384177,1822802,224,D,2933,2870
S*Kerman.Khodro.E.,20220223,2852,2929,2852,2868,10163526674,3545159,311,D,2919,2897
S*Kerman.Khodro.E.,20220226,2922,2922,2782,2788,13049469063,4680377,257,D,2868,2784
S*Kerman.Khodro.E.,20220227,2790,2835,2732,2793,4413068717,1576423,200,D,2788,2805
S*Kerman.Khodro.E.,20220228,2830,2830,2753,2795,5352050982,1913123,184,D,2793,2819
S*Kerman.Khodro.E.,20220302,2828,2850,2720,2767,5262775462,1917968,171,D,2795,2727
S*Kerman.Khodro.E.,20220305,2730,2850,2730,2804,19580107677,6982177,489,D,2767,2800
S*Kerman.Khodro.E.,20220306,2740,2866,2731,2781,9886286553,3555132,346,D,2804,2822
S*Kerman.Khodro.E.,20220307,2740,2830,2740,2766,10739556946,3882305,250,D,2781,2750
S*Kerman.Khodro.E.,20220308,2740,2770,2730,2754,4792414498,1748463,162,D,2766,2770
S*Kerman.Khodro.E.,20220309,2770,2820,2731,2771,6735172721,2423100,289,D,2754,2793
S*Kerman.Khodro.E.,20220312,2702,2777,2688,2699,9940897855,3682865,230,D,2771,2704
S*Kerman.Khodro.E.,20220313,2700,2743,2700,2703,5383912709,1989214,175,D,2699,2710
S*Kerman.Khodro.E.,20220314,2702,2743,2661,2692,9865604574,3664791,246,D,2703,2680
S*Kerman.Khodro.E.,20220315,2680,2747,2680,2708,18366910066,6783012,252,D,2692,2710
S*Kerman.Khodro.E.,20220316,2708,2789,2708,2788,59762971178,21432841,608,D,2708,2789
S*Kerman.Khodro.E.,20220319,2871,2871,2836,2869,36276607943,12643217,569,D,2788,2871
S*Kerman.Khodro.E.,20220326,2900,2955,2798,2857,32617961654,11417508,602,D,2869,2798
S*Kerman.Khodro.E.,20220327,2850,2930,2790,2850,19511691865,6847247,428,D,2857,2849
S*Kerman.Khodro.E.,20220328,0,0,0,2850,19511691865,6847247,428,D,2850,2849
S*Kerman.Khodro.E.,20220329,2935,2935,2840,2890,34935592807,12088237,616,D,2850,2875
S*Kerman.Khodro.E.,20220330,2891,2976,2820,2937,36469950938,12417808,534,D,2890,2976
S*Kerman.Khodro.E.,20220403,2994,3025,2940,3022,25709146703,8508440,443,D,2937,3025
S*Kerman.Khodro.E.,20220404,3100,3112,2980,3043,33983411401,11169107,708,D,3022,2990
S*Kerman.Khodro.E.,20220405,3000,3134,2981,3099,32650232409,10535698,671,D,3043,3132
S*Kerman.Khodro.E.,20220406,3050,3150,3020,3092,34868663409,11277691,877,D,3099,3060
S*Kerman.Khodro.E.,20220409,3020,3170,3010,3099,22837896126,7369536,499,D,3092,3160
S*Kerman.Khodro.E.,20220410,3182,3191,3123,3187,29338398139,9206989,493,D,3099,3191
S*Kerman.Khodro.E.,20220411,3282,3282,3183,3258,31200979853,9575366,557,D,3187,3250
S*Kerman.Khodro.E.,20220412,3188,3265,3161,3172,9411303180,2974194,154,D,3258,3161
S*Kerman.Khodro.E.,20220413,3077,3190,3077,3117,46565162136,14937267,859,D,3172,3130
S*Kerman.Khodro.E.,20220416,3080,3179,3054,3109,26873329204,8643880,509,D,3117,3124
S*Kerman.Khodro.E.,20220417,3115,3180,3090,3143,28363577007,9023260,487,D,3109,3175
S*Kerman.Khodro.E.,20220418,3145,3237,3145,3230,43742649210,13542336,590,D,3143,3200
S*Kerman.Khodro.E.,20220419,3142,3263,3137,3216,21100816541,6561439,615,D,3230,3243
S*Kerman.Khodro.E.,20220420,3180,3312,3180,3308,21924116602,6628251,319,D,3216,3312
S*Kerman.Khodro.E.,20220424,3407,3407,3407,3407,22123323837,6493491,331,D,3308,3407
S*Kerman.Khodro.E.,20220425,3509,3509,3509,3509,14387135103,4100067,172,D,3407,3509
S*Kerman.Khodro.E.,20220426,3614,3614,3614,3614,19590612184,5420756,186,D,3509,3614
S*Kerman.Khodro.E.,20220427,3722,3722,3722,3722,96950693220,26048010,506,D,3614,3722
S*Kerman.Khodro.E.,20220430,3833,3833,3722,3793,2.22004E+11,58525051,2255,D,3722,3723
S*Kerman.Khodro.E.,20220501,3684,3780,3680,3685,72980588084,19805015,859,D,3793,3680
S*Kerman.Khodro.E.,20220502,3576,3670,3575,3584,89582355898,24996728,1241,D,3685,3599
S*Kerman.Khodro.E.,20220507,3679,3691,3523,3683,62265050290,16905484,676,D,3584,3691
S*Kerman.Khodro.E.,20220508,3793,3793,3695,3786,1.34417E+11,35505855,1427,D,3683,3700
S*Kerman.Khodro.E.,20220509,3700,3760,3673,3680,69774355449,18961671,859,D,3786,3673
S*Kerman.Khodro.E.,20220510,3620,3790,3570,3748,83667288576,22325925,1442,D,3680,3790
S*Kerman.Khodro.E.,20220511,3760,3860,3760,3844,79392796759,20654605,945,D,3748,3839
S*Kerman.Khodro.E.,20220514,3844,3850,3729,3737,28904174761,7734896,403,D,3844,3729
S*Kerman.Khodro.E.,20220515,3654,3700,3625,3635,99233010469,27300779,1164,D,3737,3640
S*Kerman.Khodro.E.,20220516,3640,3699,3543,3624,51060565317,14090897,986,D,3635,3626
S*Kerman.Khodro.E.,20220517,3551,3680,3542,3587,33455433638,9326313,692,D,3624,3572
S*Kerman.Khodro.E.,20220518,3587,3640,3540,3570,24148172581,6764102,486,D,3587,3616
S*Kerman.Khodro.E.,20220521,3628,3629,3482,3553,22823904544,6423990,450,D,3570,3487
S*Kerman.Khodro.E.,20220522,3460,3598,3447,3504,26272867535,7497231,485,D,3553,3567
S*Kerman.Khodro.E.,20220523,3570,3570,3399,3413,36810536533,10785269,371,D,3504,3399
S*Kerman.Khodro.E.,20220524,3320,3515,3311,3418,71565266036,20935042,836,D,3413,3515
S*Kerman.Khodro.E.,20220525,3520,3520,3520,3520,21407802240,6081762,139,D,3418,3520
S*Kerman.Khodro.E.,20220528,3625,3625,3429,3603,96580256485,26805992,891,D,3520,3515
S*Kerman.Khodro.E.,20220529,3515,3570,3495,3496,46040049645,13167871,493,D,3603,3495
S*Kerman.Khodro.E.,20220530,3520,3540,3392,3398,73403228199,21600507,767,D,3496,3394
S*Kerman.Khodro.E.,20220531,3468,3468,3310,3360,13017770198,3873864,315,D,3398,3311
S*Kerman.Khodro.E.,20220601,3363,3450,3299,3348,13911218954,4154986,381,D,3360,3360
